{"stats":{"minecraft:picked_up":{"minecraft:dark_oak_button":3,"minecraft:command_block":1,"minecraft:redstone":1},"minecraft:used":{"minecraft:redstone_torch":6,"minecraft:torch":81,"minecraft:lever":19,"minecraft:repeater":2,"minecraft:command_block":40,"minecraft:tnt":71,"minecraft:lime_bed":2,"minecraft:dark_oak_pressure_plate":13,"minecraft:stripped_oak_wood":3,"minecraft:grass_block":850,"minecraft:dark_oak_sign":3,"minecraft:redstone":31,"minecraft:dark_oak_button":30},"minecraft:custom":{"minecraft:time_since_rest":7468,"minecraft:deaths":14,"minecraft:crouch_one_cm":68,"minecraft:sprint_one_cm":687,"minecraft:play_time":101292,"minecraft:walk_one_cm":62465,"minecraft:sneak_time":1203,"minecraft:drop":3,"minecraft:jump":285,"minecraft:leave_game":2,"minecraft:time_since_death":7439,"minecraft:total_world_time":127388,"minecraft:fly_one_cm":264605},"minecraft:dropped":{"minecraft:acacia_boat":1,"minecraft:dark_oak_pressure_plate":1,"minecraft:command_block":1}},"DataVersion":3953}