{"stats":{"minecraft:picked_up":{"minecraft:dark_oak_button":3,"minecraft:command_block":2,"minecraft:lever":1,"minecraft:dirt_path":3926,"minecraft:redstone":2,"minecraft:dirt":1549},"minecraft:used":{"minecraft:redstone_torch":6,"minecraft:torch":81,"minecraft:lever":28,"minecraft:repeater":2,"minecraft:command_block":63,"minecraft:tnt":71,"minecraft:lime_bed":2,"minecraft:dark_oak_pressure_plate":13,"minecraft:grass_block":855,"minecraft:stripped_oak_wood":3,"minecraft:dark_oak_sign":3,"minecraft:redstone":113,"minecraft:repeating_command_block":23,"minecraft:dark_oak_button":30},"minecraft:custom":{"minecraft:time_since_rest":29190,"minecraft:deaths":14,"minecraft:crouch_one_cm":827,"minecraft:sprint_one_cm":779,"minecraft:play_time":123014,"minecraft:walk_one_cm":110738,"minecraft:sneak_time":2120,"minecraft:drop":336,"minecraft:jump":350,"minecraft:leave_game":4,"minecraft:time_since_death":29161,"minecraft:total_world_time":153886,"minecraft:fall_one_cm":418,"minecraft:fly_one_cm":292931},"minecraft:dropped":{"minecraft:dirt":217,"minecraft:acacia_boat":1,"minecraft:dark_oak_pressure_plate":1,"minecraft:command_block":2,"minecraft:dirt_path":114,"minecraft:redstone":1}},"DataVersion":3953}